aa_change,contig,position,frq_TZ-03_fune_2022,frq_TZ-05_fune_2022,frq_TZ-12_fune_2022,frq_TZ-16_fune_2017,frq_TZ-16_fune_2019,frq_TZ-16_fune_2021,frq_TZ-16_fune_2023,frq_TZ-17_fune_2022,frq_TZ-18_fune_2023,frq_TZ-19_fune_2019,frq_TZ-21_fune_2019,frq_TZ-21_fune_2022,frq_TZ-25_fune_2022,frq_TZ-28_fune_2022,transcript,aa_pos,ref_allele,ref_aa,alt_aa,effect,impact,alt_allele,max_af,label
I2030V,3RL,44115564,0.0,0.046875,0.0,0.0,0.0,0.05555555555555555,0.018518518518518517,0.0,0.0,0.0,0.0,0.017857142857142856,0.0,0.045454545454545456,LOC125769886_t4,2030.0,T,I,V,NON_SYNONYMOUS_CODING,MODERATE,C,0.05555555555555555,"I2030V (3RL:44,115,564 T>C)"
G1962C,3RL,44115768,0.0,0.0,0.0,0.0,0.0,0.0,0.0,0.04838709677419355,0.0,0.05,0.05555555555555555,0.05357142857142857,0.0,0.0,LOC125769886_t4,1962.0,C,G,C,NON_SYNONYMOUS_CODING,MODERATE,A,0.05555555555555555,"G1962C (3RL:44,115,768 C>A)"
P1842S,3RL,44116128,0.03571428571428571,0.0,0.0,0.75,0.6944444444444444,0.6666666666666666,0.48148148148148145,0.0,0.0,0.1,0.1111111111111111,0.10714285714285714,0.0,0.0,LOC125769886_t4,1842.0,G,P,S,NON_SYNONYMOUS_CODING,MODERATE,A,0.75,"P1842S (3RL:44,116,128 G>A)"
N1773S,3RL,44116334,0.0,0.0,0.0,0.0,0.0,0.05555555555555555,0.0,0.0,0.0,0.0,0.0,0.0,0.0,0.0,LOC125769886_t4,1773.0,T,N,S,NON_SYNONYMOUS_CODING,MODERATE,C,0.05555555555555555,"N1773S (3RL:44,116,334 T>C)"
F1638Y,3RL,44116923,0.0,0.0,0.0,0.05,0.0,0.0,0.037037037037037035,0.0,0.0,0.15,0.0,0.0,0.0,0.0,LOC125769886_t4,1638.0,A,F,Y,NON_SYNONYMOUS_CODING,MODERATE,T,0.15,"F1638Y (3RL:44,116,923 A>T)"
W1557R,3RL,44117167,0.0,0.0,0.0,0.1,0.1388888888888889,0.0,0.037037037037037035,0.0,0.0,0.0,0.0,0.0,0.0,0.0,LOC125769886_t4,1557.0,A,W,R,NON_SYNONYMOUS_CODING,MODERATE,T,0.1388888888888889,"W1557R (3RL:44,117,167 A>T)"
G1144C,3RL,44122391,0.0,0.015625,0.0,0.0,0.0,0.05555555555555555,0.0,0.0,0.0,0.0,0.0,0.0,0.0,0.0,LOC125769886_t4,1144.0,C,G,C,NON_SYNONYMOUS_CODING,MODERATE,A,0.05555555555555555,"G1144C (3RL:44,122,391 C>A)"
L976F,3RL,44125475,0.03571428571428571,0.0,0.0,0.9,0.8333333333333334,0.6666666666666666,0.5555555555555556,0.0,0.0,0.25,0.1111111111111111,0.10714285714285714,0.0,0.0,LOC125769886_t4,976.0,T,L,F,NON_SYNONYMOUS_CODING,MODERATE,A,0.9,"L976F (3RL:44,125,475 T>A)"
